Nagoya,Aichi
Toyohashi,Aichi
Okazaki,Aichi
Ichinomiya,Aichi
Seto,Aichi
Handa,Aichi
Kasugai,Aichi
Toyokawa,Aichi
Tsushima,Aichi
Hekinan,Aichi
Kariya,Aichi
Toyota,Aichi
Anjō,Aichi
Nishio,Aichi
Gamagōri,Aichi
Inuyama,Aichi
Tokoname,Aichi
Kōnan,Aichi
Komaki,Aichi
Inazawa,Aichi
Tōkai,Aichi
Ōbu,Aichi
Chita,Aichi
Chiryū,Aichi
Owariasahi,Aichi
Takahama,Aichi
Iwakura,Aichi
Toyoake,Aichi
Nisshin,Aichi
Tahara,Aichi
Aisai,Aichi
Kiyosu,Aichi
Shinshiro,Aichi
Kitanagoya,Aichi
Yatomi,Aichi
Miyoshi,Aichi
Ama,Aichi
Akita,Akita
Ōdate,Akita
Kazuno,Akita
Daisen,Akita
Katagami,Akita
Kitaakita,Akita
Oga,Akita
Yurihonjō,Akita
Yuzawa,Akita
Semboku,Akita
Yokote,Akita
Nikaho,Akita
Noshiro,Akita
Hachinohe,Aomori
Kuroishi,Aomori
Misawa,Aomori
Mutsu,Aomori
Towada,Aomori
Tsugaru,Aomori
Goshogawara,Aomori
Aomori,Aomori
Hirakawa,Aomori
Hirosaki,Aomori
Chiba,Chiba
Chōshi,Chiba
Ichikawa,Chiba
Funabashi,Chiba
Tateyama,Chiba
Kisarazu,Chiba
Matsudo,Chiba
Noda,Chiba
Mobara,Chiba
Narita,Chiba
Sakura,Chiba
Tōgane,Chiba
Narashino,Chiba
Kashiwa,Chiba
Katsuura,Chiba
Ichihara,Chiba
Nagareyama,Chiba
Yachiyo,Chiba
Abiko,Chiba
Kamagaya,Chiba
Kimitsu,Chiba
Futtsu,Chiba
Urayasu,Chiba
Yotsukaidō,Chiba
Sodegaura,Chiba
Yachimata,Chiba
Inzai,Chiba
Shiroi,Chiba
Tomisato,Chiba
Kamogawa,Chiba
Asahi,Chiba
Isumi,Chiba
Sōsa,Chiba
Minamibōsō,Chiba
Katori,Chiba
Sanmu,Chiba
Matsuyama,Ehime
Niihama,Ehime
Shikokuchūō,Ehime
Seiyo,Ehime
Tōon,Ehime
Saijō,Ehime
Ōzu,Ehime
Imabari,Ehime
Yawatahama,Ehime
Iyo,Ehime
City,Prefecture
Uwajima,Ehime
Fukui,Fukui
Tsuruga,Fukui
Obama,Fukui
Ōno,Fukui
Katsuyama,Fukui
Sabae,Fukui
Awara,Fukui
Echizen,Fukui
Sakai,Fukui
Fukuoka,Fukuoka
Kurume,Fukuoka
Ōmuta,Fukuoka
Nōgata,Fukuoka
Tagawa,Fukuoka
Yanagawa,Fukuoka
Yame,Fukuoka
Chikugo,Fukuoka
Ōkawa,Fukuoka
Yukuhashi,Fukuoka
Buzen,Fukuoka
Nakama,Fukuoka
Kitakyūshū,Fukuoka
Ogōri,Fukuoka
Chikushino,Fukuoka
Kasuga,Fukuoka
Ōnojō,Fukuoka
Munakata,Fukuoka
Dazaifu,Fukuoka
Koga,Fukuoka
Fukutsu,Fukuoka
Ukiha,Fukuoka
Miyawaka,Fukuoka
Asakura,Fukuoka
Iizuka,Fukuoka
Kama,Fukuoka
Miyama,Fukuoka
Itoshima,Fukuoka
Aizuwakamatsu,Fukushima
Fukushima,Fukushima
Kōriyama,Fukushima
Sukagawa,Fukushima
Sōma,Fukushima
Iwaki,Fukushima
Tamura,Fukushima
Shirakawa,Fukushima
Nihonmatsu,Fukushima
Minamisōma,Fukushima
Date,Fukushima
Kitakata,Fukushima
Motomiya,Fukushima
Gifu,Gifu
Ōgaki,Gifu
Takayama,Gifu
Tajimi,Gifu
Seki,Gifu
Nakatsugawa,Gifu
Mino,Gifu
Mizunami,Gifu
Hashima,Gifu
Minokamo,Gifu
Toki,Gifu
Kakamigahara,Gifu
Kani,Gifu
Yamagata,Gifu
Mizuho,Gifu
Hida,Gifu
Motosu,Gifu
Gujō,Gifu
Gero,Gifu
Ena,Gifu
Kaizu,Gifu
Maebashi,Gunma
Takasaki,Gunma
Kiryū,Gunma
Isesaki,Gunma
Ōta,Gunma
Numata,Gunma
Tatebayashi,Gunma
Fujioka,Gunma
Shibukawa,Gunma
Annaka,Gunma
Tomioka,Gunma
Midori,Gunma
Hiroshima,Hiroshima
Onomichi,Hiroshima
Kure,Hiroshima
Fukuyama,Hiroshima
Mihara,Hiroshima
Fuchū,Hiroshima
Miyoshi,Hiroshima
Shōbara,Hiroshima
Ōtake,Hiroshima
Takehara,Hiroshima
Higashihiroshima,Hiroshima
Hatsukaichi,Hiroshima
Akitakata,Hiroshima
Etajima,Hiroshima
Sapporo,Hokkaidō
Hakodate,Hokkaidō
Otaru,Hokkaidō
Asahikawa,Hokkaidō
Muroran,Hokkaidō
Obihiro,Hokkaidō
Yūbari,Hokkaidō
Iwamizawa,Hokkaidō
Abashiri,Hokkaidō
Rumoi,Hokkaidō
Tomakomai,Hokkaidō
Wakkanai,Hokkaidō
Bibai,Hokkaidō
Ashibetsu,Hokkaidō
Ebetsu,Hokkaidō
Akabira,Hokkaidō
Monbetsu,Hokkaidō
Mikasa,Hokkaidō
Nemuro,Hokkaidō
Chitose,Hokkaidō
Takikawa,Hokkaidō
Sunagawa,Hokkaidō
Utashinai,Hokkaidō
Fukagawa,Hokkaidō
Furano,Hokkaidō
Noboribetsu,Hokkaidō
Eniwa,Hokkaidō
Date,Hokkaidō
Kitahiroshima,Hokkaidō
Ishikari,Hokkaidō
Shibetsu,Hokkaidō
Kushiro,Hokkaidō
Hokuto,Hokkaidō
Kitami,Hokkaidō
Nayoro,Hokkaidō
Kobe,Hyōgo
Himeji,Hyōgo
Amagasaki,Hyōgo
Akashi,Hyōgo
Nishinomiya,Hyōgo
Ashiya,Hyōgo
Itami,Hyōgo
Aioi,Hyōgo
Toyooka,Hyōgo
Kakogawa,Hyōgo
Akō,Hyōgo
Takarazuka,Hyōgo
Miki,Hyōgo
Takasago,Hyōgo
Kawanishi,Hyōgo
Ono,Hyōgo
Sanda,Hyōgo
Kasai,Hyōgo
Sasayama,Hyōgo
Yabu,Hyōgo
Tamba,Hyōgo
Minamiawaji,Hyōgo
Asago,Hyōgo
Awaji,Hyōgo
Shisō,Hyōgo
Nishiwaki,Hyōgo
Tatsuno,Hyōgo
Sumoto,Hyōgo
Katō,Hyōgo
Mito,Ibaraki
Hitachi,Ibaraki
Tsuchiura,Ibaraki
Yūki,Ibaraki
Ryūgasaki,Ibaraki
Shimotsuma,Ibaraki
Jōsō,Ibaraki
Hitachiōta,Ibaraki
Takahagi,Ibaraki
Kitaibaraki,Ibaraki
Toride,Ibaraki
Ushiku,Ibaraki
Tsukuba,Ibaraki
Hitachinaka,Ibaraki
Kashima,Ibaraki
Itako,Ibaraki
Moriya,Ibaraki
Hitachiōmiya,Ibaraki
Naka,Ibaraki
Bandō,Ibaraki
Inashiki,Ibaraki
Chikusei,Ibaraki
Kasumigaura,Ibaraki
Kamisu,Ibaraki
Namegata,Ibaraki
Koga,Ibaraki
Ishioka,Ibaraki
Sakuragawa,Ibaraki
Hokota,Ibaraki
Kasama,Ibaraki
Tsukubamirai,Ibaraki
Omitama,Ibaraki
Kanazawa,Ishikawa
Nonoichi,Ishikawa
Nanao,Ishikawa
Komatsu,Ishikawa
Suzu,Ishikawa
Hakui,Ishikawa
Kahoku,Ishikawa
Hakusan,Ishikawa
Nomi,Ishikawa
Kaga,Ishikawa
Wajima,Ishikawa
Morioka,Iwate
Kamaishi,Iwate
Ōfunato,Iwate
Rikuzentakata,Iwate
Kitakami,Iwate
Miyako,Iwate
Hachimantai,Iwate
Ichinoseki,Iwate
Tōno,Iwate
Hanamaki,Iwate
Ninohe,Iwate
Ōshū,Iwate
Kuji,Iwate
Takizawa,Iwate
Takamatsu,Kagawa
Marugame,Kagawa
Sakaide,Kagawa
Zentsūji,Kagawa
Sanuki,Kagawa
Higashikagawa,Kagawa
Mitoyo,Kagawa
Kan'onji,Kagawa
Kagoshima,Kagoshima
Kanoya,Kagoshima
Makurazaki,Kagoshima
Akune,Kagoshima
Izumi,Kagoshima
Ibusuki,Kagoshima
Minamisatsuma,Kagoshima
Nishinoomote,Kagoshima
Tarumizu,Kagoshima
Satsumasendai,Kagoshima
Hioki,Kagoshima
Soo,Kagoshima
Ichikikushikino,Kagoshima
Kirishima,Kagoshima
Shibushi,Kagoshima
Amami,Kagoshima
Minamikyūshū,Kagoshima
Isa,Kagoshima
Aira,Kagoshima
Yokohama,Kanagawa
Yokosuka,Kanagawa
Kawasaki,Kanagawa
Hiratsuka,Kanagawa
Kamakura,Kanagawa
Fujisawa,Kanagawa
Odawara,Kanagawa
Chigasaki,Kanagawa
Zushi,Kanagawa
Sagamihara,Kanagawa
Miura,Kanagawa
Hadano,Kanagawa
Atsugi,Kanagawa
Yamato,Kanagawa
Isehara,Kanagawa
Ebina,Kanagawa
Zama,Kanagawa
Minamiashigara,Kanagawa
Ayase,Kanagawa
Kōchi,Kōchi
Sukumo,Kōchi
Aki,Kōchi
Tosashimizu,Kōchi
Susaki,Kōchi
Tosa,Kōchi
Muroto,Kōchi
Nankoku,Kōchi
Shimanto,Kōchi
Kami,Kōchi
Kōnan,Kōchi
Kumamoto,Kumamoto
Yatsushiro,Kumamoto
Hitoyoshi,Kumamoto
Arao,Kumamoto
Minamata,Kumamoto
Tamana,Kumamoto
Yamaga,Kumamoto
Kikuchi,Kumamoto
Uto,Kumamoto
Kami-Amakusa,Kumamoto
Uki,Kumamoto
Aso,Kumamoto
Kōshi,Kumamoto
Amakusa,Kumamoto
Kyoto,Kyoto
Fukuchiyama,Kyoto
Maizuru,Kyoto
Ayabe,Kyoto
Uji,Kyoto
Miyazu,Kyoto
Kameoka,Kyoto
Jōyō,Kyoto
Mukō,Kyoto
Nagaokakyō,Kyoto
Yawata,Kyoto
Kyōtanabe,Kyoto
Kyōtango,Kyoto
Nantan,Kyoto
Kizugawa,Kyoto
Yokkaichi,Mie
Matsusaka,Mie
Kuwana,Mie
Suzuka,Mie
Nabari,Mie
Owase,Mie
Kameyama,Mie
Toba,Mie
Inabe,Mie
Shima,Mie
Iga,Mie
Ise,Mie
Kumano,Mie
Tsu,Mie
Sendai,Miyagi
Ishinomaki,Miyagi
Shiogama,Miyagi
Shiroishi,Miyagi
Natori,Miyagi
Kakuda,Miyagi
Tagajō,Miyagi
Iwanuma,Miyagi
Tome,Miyagi
Kurihara,Miyagi
Higashimatsushima,Miyagi
Kesennuma,Miyagi
Ōsaki,Miyagi
Miyazaki,Miyazaki
Miyakonojō,Miyazaki
Nobeoka,Miyazaki
Nichinan,Miyazaki
Kobayashi,Miyazaki
Hyūga,Miyazaki
Kushima,Miyazaki
Saito,Miyazaki
Ebino,Miyazaki
Matsumoto,Nagano
Okaya,Nagano
Suwa,Nagano
Suzaka,Nagano
Komoro,Nagano
Komagane,Nagano
Ōmachi,Nagano
Iiyama,Nagano
Iida,Nagano
Chino,Nagano
Shiojiri,Nagano
Nagano,Nagano
Chikuma,Nagano
Tōmi,Nagano
Nakano,Nagano
Saku,Nagano
Azumino,Nagano
Ueda,Nagano
Ina,Nagano
Nagasaki,Nagasaki
Sasebo,Nagasaki
Shimabara,Nagasaki
Ōmura,Nagasaki
Tsushima,Nagasaki
Iki,Nagasaki
Gotō,Nagasaki
Isahaya,Nagasaki
Saikai,Nagasaki
Hirado,Nagasaki
Unzen,Nagasaki
Matsuura,Nagasaki
Minamishimabara,Nagasaki
Nara,Nara
Yamatotakada,Nara
Yamatokōriyama,Nara
Tenri,Nara
Kashihara,Nara
Sakurai,Nara
Gojō,Nara
Gose,Nara
Ikoma,Nara
Kashiba,Nara
Katsuragi,Nara
Uda,Nara
Niigata,Niigata
Nagaoka,Niigata
Kashiwazaki,Niigata
Shibata,Niigata
Ojiya,Niigata
Kamo,Niigata
Mitsuke,Niigata
Murakami,Niigata
Myōkō,Niigata
Jōetsu,Niigata
Sado,Niigata
Agano,Niigata
Uonuma,Niigata
Minami-Uonuma,Niigata
Itoigawa,Niigata
Tōkamachi,Niigata
Sanjō,Niigata
Tainai,Niigata
Gosen,Niigata
Tsubame,Niigata
Ōita,Ōita
Beppu,Ōita
Nakatsu,Ōita
Hita,Ōita
Saiki,Ōita
Usuki,Ōita
Tsukumi,Ōita
Taketa,Ōita
Bungotakada,Ōita
Usa,Ōita
Bungo-ōno,Ōita
Kitsuki,Ōita
Yufu,Ōita
Kunisaki,Ōita
Okayama,Okayama
Kurashiki,Okayama
Tsuyama,Okayama
Tamano,Okayama
Kasaoka,Okayama
Ibara,Okayama
Sō,Okayama
Takahashi,Okayama
Niimi,Okayama
Bizen,Okayama
Setouchi,Okayama
Akaiwa,Okayama
Maniwa,Okayama
Mimasaka,Okayama
Asakuchi,Okayama
Naha,Okinawa
Ishigaki,Okinawa
Ginowan,Okinawa
Urasoe,Okinawa
Nago,Okinawa
Itoman,Okinawa
Okinawa,Okinawa
Tomigusuku,Okinawa
Uruma,Okinawa
Miyakojima,Okinawa
Nanjō,Okinawa
Osaka,Osaka
Sakai,Osaka
Kishiwada,Osaka
Toyonaka,Osaka
Ikeda,Osaka
Suita,Osaka
Izumiōtsu,Osaka
Takatsuki,Osaka
Kaizuka,Osaka
Moriguchi,Osaka
Hirakata,Osaka
Ibaraki,Osaka
Yao,Osaka
Izumisano,Osaka
Tondabayashi,Osaka
Neyagawa,Osaka
Kawachinagano,Osaka
Matsubara,Osaka
Daitō,Osaka
Izumi,Osaka
Minoh,Osaka
Kashiwara,Osaka
Habikino,Osaka
Kadoma,Osaka
Settsu,Osaka
Takaishi,Osaka
Fujiidera,Osaka
Higashiōsaka,Osaka
Sennan,Osaka
Shijōnawate,Osaka
Katano,Osaka
Ōsakasayama,Osaka
Hannan,Osaka
Tosu,Saga
Imari,Saga
Kashima,Saga
Taku,Saga
Karatsu,Saga
Ogi,Saga
Saga,Saga
Ureshino,Saga
Takeo,Saga
Kanzaki,Saga
Kawagoe,Saitama
Kawaguchi,Saitama
Gyōda,Saitama
Chichibu,Saitama
Tokorozawa,Saitama
Hannō,Saitama
Kazo,Saitama
Higashimatsuyama,Saitama
Sayama,Saitama
Hanyū,Saitama
Kōnosu,Saitama
Ageo,Saitama
Sōka,Saitama
Koshigaya,Saitama
Warabi,Saitama
Toda,Saitama
Iruma,Saitama
Asaka,Saitama
Shiki,Saitama
Wakō,Saitama
Niiza,Saitama
Okegawa,Saitama
Kuki,Saitama
Kitamoto,Saitama
Yashio,Saitama
Fujimi,Saitama
Misato,Saitama
Hasuda,Saitama
Sakado,Saitama
Satte,Saitama
Tsurugashima,Saitama
Hidaka,Saitama
Yoshikawa,Saitama
Saitama,Saitama
Kumagaya,Saitama
Kasukabe,Saitama
Fujimino,Saitama
Fukaya,Saitama
Honjō,Saitama
Ōtsu,Shiga
Hikone,Shiga
Ōmihachiman,Shiga
Kusatsu,Shiga
Moriyama,Shiga
Rittō,Shiga
Kōka,Shiga
Yasu,Shiga
Konan,Shiga
Takashima,Shiga
Higashiōmi,Shiga
Maibara,Shiga
Nagahama,Shiga
Matsue,Shimane
Izumo,Shimane
Masuda,Shimane
Yasugi,Shimane
Gōtsu,Shimane
Unnan,Shimane
Hamada,Shimane
Ōda,Shimane
Shizuoka,Shizuoka
Hamamatsu,Shizuoka
Numazu,Shizuoka
Atami,Shizuoka
Mishima,Shizuoka
Fujinomiya,Shizuoka
Itō,Shizuoka
Shimada,Shizuoka
Iwata,Shizuoka
Yaizu,Shizuoka
Kakegawa,Shizuoka
Fujieda,Shizuoka
Gotenba,Shizuoka
Fukuroi,Shizuoka
Fuji,Shizuoka
Shimoda,Shizuoka
Susono,Shizuoka
Kosai,Shizuoka
Izu,Shizuoka
Omaezaki,Shizuoka
Kikugawa,Shizuoka
Izunokuni,Shizuoka
Makinohara,Shizuoka
Utsunomiya,Tochigi
Ashikaga,Tochigi
Tochigi,Tochigi
Kanuma,Tochigi
Oyama,Tochigi
Mooka,Tochigi
Ōtawara,Tochigi
Yaita,Tochigi
Nasushiobara,Tochigi
Sano,Tochigi
Sakura,Tochigi
Nasukarasuyama,Tochigi
Shimotsuke,Tochigi
Nikkō,Tochigi
Tokushima,Tokushima
Naruto,Tokushima
Komatsushima,Tokushima
Anan,Tokushima
Yoshinogawa,Tokushima
Mima,Tokushima
Awa,Tokushima
Miyoshi,Tokushima
Hachiōji,Tokyo
Tachikawa,Tokyo
Musashino,Tokyo
Mitaka,Tokyo
Ōme,Tokyo
Fuchū,Tokyo
Akishima,Tokyo
Chōfu,Tokyo
Machida,Tokyo
Koganei,Tokyo
Kodaira,Tokyo
Hino,Tokyo
Higashimurayama,Tokyo
Kokubunji,Tokyo
Kunitachi,Tokyo
Fussa,Tokyo
Komae,Tokyo
Higashiyamato,Tokyo
Kiyose,Tokyo
Higashikurume,Tokyo
Musashimurayama,Tokyo
Tama,Tokyo
Inagi,Tokyo
Hamura,Tokyo
Akiruno,Tokyo
Nishitōkyō,Tokyo
Special wards of Tokyo,Tokyo
Adachi,Tokyo
Arakawa,Tokyo
Bunkyo,Tokyo
Chiyoda,Tokyo
Chūō,Tokyo
Edogawa,Tokyo
Itabashi,Tokyo
Katsushika,Tokyo
Kita,Tokyo
Koto,Tokyo
Meguro,Tokyo
Minato,Tokyo
Nakano,Tokyo
Nerima,Tokyo
Ōta,Tokyo
Setagaya,Tokyo
Shibuya,Tokyo
Shinagawa,Tokyo
Shinjuku,Tokyo
Suginami,Tokyo
Sumida,Tokyo
Taitō,Tokyo
Toshima,Tokyo
Tottori,Tottori
Yonago,Tottori
Kurayoshi,Tottori
Sakaiminato,Tottori
Toyama,Toyama
Uozu,Toyama
Himi,Toyama
Namerikawa,Toyama
Tonami,Toyama
Oyabe,Toyama
Nanto,Toyama
Takaoka,Toyama
Imizu,Toyama
Kurobe,Toyama
Wakayama,Wakayama
Kainan,Wakayama
Tanabe,Wakayama
Gobō,Wakayama
Arida,Wakayama
Shingū,Wakayama
Kinokawa,Wakayama
Hashimoto,Wakayama
Iwade,Wakayama
Yamagata,Yamagata
Yonezawa,Yamagata
Shinjō,Yamagata
Sagae,Yamagata
Kaminoyama,Yamagata
Murayama,Yamagata
Nagai,Yamagata
Tendō,Yamagata
Higashine,Yamagata
Obanazawa,Yamagata
Nan'yō,Yamagata
Tsuruoka,Yamagata
Sakata,Yamagata
Ube,Yamaguchi
Hōfu,Yamaguchi
Kudamatsu,Yamaguchi
Mine,Yamaguchi
Shūnan,Yamaguchi
Hikari,Yamaguchi
Shimonoseki,Yamaguchi
Yanai,Yamaguchi
Hagi,Yamaguchi
Nagato,Yamaguchi
San'yō-Onoda,Yamaguchi
Yamaguchi,Yamaguchi
Iwakuni,Yamaguchi
Kōfu,Yamanashi
Fujiyoshida,Yamanashi
Tsuru,Yamanashi
Ōtsuki,Yamanashi
Nirasaki,Yamanashi
Minami-Alps,Yamanashi
Kai,Yamanashi
Fuefuki,Yamanashi
Hokuto,Yamanashi
Uenohara,Yamanashi
Yamanashi,Yamanashi
Kōshū,Yamanashi
Chūō,Yamanashi